{
    "accuracy": 0.668433734939759,
    "precision": 0.7757166947723441,
    "recall": 0.45320197044334976,
    "auc": 0.721587508132726
}